,Endothelial,disease2_x,bone_area,disease2_y,EC_to_bone_area
TS-373_IMC01_UB_001.csv,1532,MM_noBD,194110.5,MM_noBD,0.007892411796373715
TS-373_IMC01_UB_002.csv,853,MM_noBD,125435.75,MM_noBD,0.006800294174507666
TS-373_IMC02_MGUS_001.csv,30,MGUS,8558.5,MGUS,0.003505287141438336
TS-373_IMC02_MGUS_002.csv,2378,MGUS,321878.75,MGUS,0.007387875092717366
TS-373_IMC03_MGUS_001.csv,273,MGUS,147471.75,MGUS,0.0018512020098764678
TS-373_IMC03_MGUS_002.csv,923,MGUS,217837.75,MGUS,0.0042370984827010015
TS-373_IMC04_MGUS_001.csv,903,MGUS,172086.25,MGUS,0.005247368688666294
TS-373_IMC04_MGUS_002.csv,928,MGUS,72397.25,MGUS,0.012818166435879816
TS-373_IMC05_MGUS_001.csv,524,SMM,298497.5,SMM,0.001755458588430389
TS-373_IMC05_MGUS_002.csv,1460,SMM,29951.0,SMM,0.048746285599813026
TS-373_IMC07_UB_001.csv,834,MM_noBD,39942.0,MM_noBD,0.020880276400781134
TS-373_IMC07_UB_002.csv,37,MM_noBD,714.5,MM_noBD,0.05178446466060182
TS-373_IMC08_UB_001.csv,466,MM_BD,120642.5,MM_BD,0.003862652050479723
TS-373_IMC08_UB_002.csv,581,MM_BD,153642.75,MM_BD,0.003781499615178718
TS-373_IMC09_B_002.csv,838,MM_BD,79049.5,MM_BD,0.010600952567694926
TS-373_IMC12_UB_001.csv,455,MM_noBD,236137.0,MM_noBD,0.001926847550362713
TS-373_IMC12_UB_002.csv,1136,MM_noBD,108615.5,MM_noBD,0.010458912402005239
TS-373_IMC15_B_002.csv,270,MM_BD,116928.75,MM_BD,0.002309098489464738
TS-373_IMC16-1_MGUS_001.csv,964,SMM,68012.0,SMM,0.014173969299535375
TS-373_IMC16-1_MGUS_002.csv,1297,SMM,150051.25,SMM,0.008643713397922376
TS-373_IMC18-1_MGUS_001.csv,863,SMM,122691.5,SMM,0.007033902104057738
TS-373_IMC18-1_MGUS_002.csv,55,SMM,61147.25,SMM,0.0008994680872811124
TS-373_IMC18-2_UB_001.csv,55,MM_BD,6583.5,MM_BD,0.00835421888053467
TS-373_IMC18-2_UB_002.csv,388,MM_BD,63513.25,MM_BD,0.006108961515904162
TS-373_IMC20_B_001.csv,2879,MM_BD,141750.0,MM_BD,0.020310405643738975
TS-373_IMC20_B_002.csv,273,MM_BD,294807.25,MM_BD,0.0009260287866054855
TS-373_IMC23_B_001.csv,1657,MM_BD,78324.0,MM_BD,0.021155712169960678
TS-373_IMC23_B_002.csv,431,MM_BD,105787.5,MM_BD,0.004074205364527945
TS-373_IMC24_B_002.csv,126,MM_BD,97012.75,MM_BD,0.0012987983538246262
TS-373_IMC24_B_009.csv,281,MM_BD,72343.25,MM_BD,0.003884260107197285
TS-373_IMC25_B_001.csv,147,MM_BD,174748.75,MM_BD,0.000841207733960901
TS-373_IMC25_B_002.csv,938,MM_BD,28676.75,MM_BD,0.03270942488252679
TS-373_IMC26_B_002.csv,882,MM_BD,165806.5,MM_BD,0.005319453700548531
TS-373_IMC27_B_001.csv,1061,MM_BD,141977.25,MM_BD,0.007473028249244157
TS-373_IMC27_B_002.csv,216,MM_BD,145362.0,MM_BD,0.0014859454327816072
TS-373_IMC28_B_001.csv,277,MM_BD,168637.75,MM_BD,0.0016425740974366652
TS-373_IMC29_UB_001.csv,939,MM_noBD,71447.5,MM_noBD,0.013142517232933273
TS-373_IMC30_UB_002.csv,1650,MM_noBD,45664.75,MM_noBD,0.036132903388280894
TS-373_IMC31_B_001.csv,1426,MM_BD,116909.25,MM_BD,0.012197495065617134
TS-373_IMC31_B_002.csv,1436,MM_BD,120504.75,MM_BD,0.011916542708897367
TS-373_IMC33_B_001.csv,787,MM_BD,61387.75,MM_BD,0.012820147342100012
TS-373_IMC33_B_002.csv,617,MM_BD,23685.5,MM_BD,0.02604969285005594
TS-373_IMC34_B_001.csv,1703,MM_BD,56865.5,MM_BD,0.0299478594226728
TS-373_IMC34_B_002.csv,492,MM_BD,4524.25,MM_BD,0.1087473061833453
TS-373_IMC35_B_001.csv,528,MM_BD,192745.25,MM_BD,0.002739367117996423
TS-373_IMC35_B_002.csv,855,MM_BD,77242.75,MM_BD,0.011069000003236549
TS-373_IMC37-1_MGUS_001.csv,1117,SMM,386041.0,SMM,0.0028934750453967323
TS-373_IMC38_B_001.csv,709,MM_BD,288455.0,MM_BD,0.002457922379573937
TS-373_IMC38_B_002.csv,214,MM_BD,31351.5,MM_BD,0.006825829705117778
TS-373_IMC39_B_001.csv,1633,MM_BD,73736.0,MM_BD,0.02214657697732451
TS-373_IMC39_B_002.csv,1139,MM_BD,56182.25,MM_BD,0.020273306960828377
TS-373_IMC40-1_B_001.csv,738,MM_BD,120475.0,MM_BD,0.006125752230753268
TS-373_IMC40-1_B_002.csv,562,MM_BD,62253.0,MM_BD,0.009027677381009751
TS-373_IMC42_B_001.csv,185,MM_BD,15133.25,MM_BD,0.012224736920357492
TS-373_IMC42_B_002.csv,1011,MM_BD,47790.75,MM_BD,0.021154721363443763
TS-373_IMC43_B_001.csv,7587,MM_BD,173557.75,MM_BD,0.04371455610596473
TS-373_IMC43_B_002.csv,1957,MM_BD,43437.75,MM_BD,0.04505297811235619
TS-373_IMC44_B_002.csv,4013,MM_BD,225696.5,MM_BD,0.01778051498361738
TS-373_IMC45_B_001.csv,391,MM_BD,85594.0,MM_BD,0.0045680772016730145
TS-373_IMC45_B_002.csv,683,MM_BD,189674.5,MM_BD,0.003600905762240048
TS-373_IMC47_B_001.csv,1200,MM_BD,74405.75,MM_BD,0.01612778582300427
TS-373_IMC47_B_002.csv,2204,MM_BD,140392.25,MM_BD,0.015698872266809598
TS-373_IMC48_B_001.csv,2478,MM_BD,54356.0,MM_BD,0.04558834351313563
TS-373_IMC48_B_002.csv,904,MM_BD,205515.5,MM_BD,0.00439869498894244
TS-373_IMC49_B_001.csv,262,MM_BD,64642.75,MM_BD,0.004053045391787942
TS-373_IMC49_B_002.csv,411,MM_BD,45712.0,MM_BD,0.008991074553727687
TS-373_IMC50_B_001.csv,921,MM_BD,232721.75,MM_BD,0.003957515788704752
TS-373_IMC50_B_002.csv,633,MM_BD,16472.5,MM_BD,0.03842768250113826
TS-373_IMC52_B_001.csv,403,MM_BD,17576.5,MM_BD,0.02292834182004381
TS-373_IMC52_B_002.csv,106,MM_BD,516190.25,MM_BD,0.00020535064348852
TS-373_IMC53_B_002.csv,2327,MM_BD,38168.5,MM_BD,0.06096650379239425
TS-373_IMC54_B_001.csv,236,MM_BD,48979.5,MM_BD,0.004818342367725273
TS-373_IMC54_B_002.csv,1913,MM_BD,73783.25,MM_BD,0.025927293796356218
TS-373_IMC55-1_UB_001.csv,673,MM_noBD,115640.0,MM_noBD,0.005819785541335178
TS-373_IMC56_B_001.csv,1896,MM_BD,90123.5,MM_BD,0.02103779813256254
TS-373_IMC56_B_002.csv,902,MM_BD,10293.25,MM_BD,0.08763024312049159
TS-373_IMC57_B_001.csv,487,MM_BD,51037.25,MM_BD,0.009542050169239135
TS-373_IMC57_B_002.csv,742,MM_BD,98674.25,MM_BD,0.0075196923209449274
TS-373_IMC58_B_002.csv,523,MM_BD,111422.25,MM_BD,0.004693856029652965
TS-373_IMC59_MGUS_001.csv,204,SMM,15730.75,SMM,0.01296823101250735
TS-373_IMC59_MGUS_002.csv,1147,SMM,146711.75,SMM,0.007818051383069182
TS-373_IMC59_MGUS_003.csv,928,SMM,69991.25,SMM,0.013258800207168754
TS-373_IMC60-1_B_001.csv,262,MM_BD,50879.25,MM_BD,0.005149446974945582
TS-373_IMC60-1_B_002.csv,4062,MM_BD,580485.5,MM_BD,0.0069975908097618285
TS-373_IMC62_B_001.csv,2633,MM_BD,277733.25,MM_BD,0.009480319695247147
TS-373_IMC62_B_002.csv,803,MM_BD,47737.25,MM_BD,0.016821245463448355
TS-373_IMC64_B_001.csv,38,MM_BD,6169.0,MM_BD,0.0061598314151402175
TS-373_IMC64_B_002.csv,471,MM_BD,315345.25,MM_BD,0.0014936010610592677
TS-373_IMC65_B_001.csv,259,MM_BD,36801.5,MM_BD,0.007037756613181528
TS-373_IMC65_B_002.csv,118,MM_BD,156014.25,MM_BD,0.0007563411675536049
TS-373_IMC66_B_001.csv,1716,MM_BD,157140.75,MM_BD,0.01092014642923621
TS-373_IMC66_B_002.csv,1567,MM_BD,123084.0,MM_BD,0.012731142959279842
TS-373_IMC67-1_B_001.csv,1553,MM_BD,380577.0,MM_BD,0.004080645966519259
TS-373_IMC67-1_B_002.csv,887,MM_BD,20332.25,MM_BD,0.0436252751171169
TS-373_IMC68_B_002.csv,1744,MM_BD,46933.5,MM_BD,0.037158958952560536
TS-373_IMC69_B_001.csv,120,MM_BD,83739.5,MM_BD,0.0014330154825381092
TS-373_IMC69_B_002.csv,311,MM_BD,28544.0,MM_BD,0.010895459641255606
TS-373_IMC71_B_001.csv,805,MM_BD,20860.5,MM_BD,0.03858967905850771
TS-373_IMC71_B_002.csv,1714,MM_BD,68694.75,MM_BD,0.02495096059014699
TS-373_IMC72_MGUS_002.csv,414,MGUS,100863.25,MGUS,0.004104567322587761
TS-373_IMC74_B_001.csv,263,MM_BD,237216.0,MM_BD,0.0011086941858896534
TS-373_IMC75-1_B_001.csv,54,MM_BD,48418.25,MM_BD,0.0011152819443081897
TS-373_IMC75-1_B_002.csv,650,MM_BD,89860.75,MM_BD,0.007233413920983299
TS-373_IMC77_B_001.csv,300,MM_BD,68621.5,MM_BD,0.004371807669607921
TS-373_IMC77_B_002.csv,2733,MM_BD,54920.75,MM_BD,0.049762612491635674
TS-373_IMC78_UB_001.csv,781,MM_noBD,23387.0,MM_noBD,0.033394620943259075
TS-373_IMC78_UB_002.csv,1033,MM_noBD,131180.5,MM_noBD,0.007874646003026365
TS-373_IMC80_B_001.csv,606,MM_BD,94304.75,MM_BD,0.006425975361792486
TS-373_IMC80_B_002.csv,658,MM_BD,91287.25,MM_BD,0.007208016453557315
TS-373_IMC81_B_001.csv,516,MM_BD,75779.0,MM_BD,0.006809274337217435
TS-373_IMC81_B_002.csv,1019,MM_BD,201568.0,MM_BD,0.005055365931100174
TS-373_IMC82_MGUS_001.csv,121,MGUS,108086.0,MGUS,0.0011194789334418888
TS-373_IMC82_MGUS_002.csv,131,MGUS,115604.0,MGUS,0.0011331787827410817
TS-373_IMC83_B_001.csv,673,MM_BD,87683.75,MM_BD,0.007675310419547522
TS-373_IMC83_B_002.csv,390,MM_BD,75797.5,MM_BD,0.0051452884329958115
TS-373_IMC84_B_001.csv,52,MM_BD,216551.75,MM_BD,0.00024012735985740128
TS-373_IMC84_B_002.csv,2763,MM_BD,104161.25,MM_BD,0.02652617936132679
TS-373_IMC85_UB_001.csv,593,MM_noBD,251384.5,MM_noBD,0.0023589362112620307
TS-373_IMC85_UB_002.csv,681,MM_noBD,143922.25,MM_noBD,0.004731721467667438
TS-373_IMC86_B_002.csv,48,MM_BD,5036.25,MM_BD,0.00953090096798213
TS-373_IMC87-1_UB_002.csv,548,MM_noBD,105656.5,MM_noBD,0.005186618901818629
TS-373_IMC89_B_001.csv,1887,MM_BD,86197.5,MM_BD,0.021891586182893934
TS-373_IMC89_B_002.csv,962,MM_BD,156077.25,MM_BD,0.006163614492182557
TS-373_IMC90.1_B_001.csv,377,MM_BD,64803.5,MM_BD,0.0058175870130471345
TS-373_IMC90.1_B_002.csv,63,MM_BD,172386.5,MM_BD,0.0003654578519779681
TS-373_IMC93_B_001.csv,413,MM_BD,125131.25,MM_BD,0.003300534438839219
TS-373_IMC93_B_002.csv,164,MM_BD,83334.0,MM_BD,0.001967984256125951
TS-373_IMC95_B_001.csv,503,MM_BD,287254.0,MM_BD,0.001751063518697738
TS-373_IMC96_B_001.csv,1500,MM_BD,24209.25,MM_BD,0.061959788097524705
